Shear strain (%), Vert strain (%), Shear stress (atm), Shear stress ratio, Vert eff stress (atm), Vert eff stress ratio
0, 0, 0, 0, 0.025, 1
0.006, 2.32763e-07, 0.00347922, 0.127009, 0.0248086, 0.994378
0.016, 1.51616e-06, 0.00579481, 0.231344, 0.0241804, 0.969976
0.026, 2.99725e-06, 0.00732643, 0.305485, 0.0234889, 0.942129
0.036, 4.1736e-06, 0.00845266, 0.363758, 0.0229097, 0.918517
0.046, 5.09146e-06, 0.00933161, 0.411762, 0.0224248, 0.898792
0.056, 5.86083e-06, 0.0100434, 0.452525, 0.0220116, 0.882007
0.066, 6.40738e-06, 0.0106767, 0.487643, 0.0217522, 0.870331
0.076, 6.10334e-06, 0.0113915, 0.517136, 0.0219146, 0.875282
0.086, 5.07832e-06, 0.0121918, 0.541988, 0.0224008, 0.893614
0.096, 3.59574e-06, 0.0130683, 0.563149, 0.023126, 0.921781
0.106, 1.78452e-06, 0.0140118, 0.581329, 0.0240338, 0.95744
0.116, -2.85733e-07, 0.0150144, 0.597068, 0.0250856, 0.998992
0.126, -2.56858e-06, 0.0160693, 0.610788, 0.0262543, 1.04531
0.136, -5.02995e-06, 0.017171, 0.622823, 0.0275201, 1.09558
0.146, -7.64413e-06, 0.018315, 0.633437, 0.0288685, 1.14921
0.156, -1.03914e-05, 0.0194973, 0.642845, 0.0302882, 1.20573
0.166, -1.32563e-05, 0.0207148, 0.651221, 0.0317708, 1.2648
0.176, -1.62266e-05, 0.0219646, 0.658706, 0.0333095, 1.32613
0.186, -1.92927e-05, 0.0232445, 0.66542, 0.0348989, 1.38951
0.196, -2.24466e-05, 0.0245525, 0.67146, 0.0365348, 1.45477
0.206, -2.56818e-05, 0.0258868, 0.676909, 0.0382136, 1.52176
0.216, -2.89929e-05, 0.027246, 0.681836, 0.0399325, 1.59035
0.226, -3.23756e-05, 0.0286288, 0.686301, 0.0416889, 1.66046
0.236, -3.58261e-05, 0.0300339, 0.690353, 0.043481, 1.73201
0.246, -3.93412e-05, 0.0314605, 0.694036, 0.0453069, 1.80491
0.256, -4.29184e-05, 0.0329076, 0.697387, 0.0471654, 1.87913
0.266, -4.65553e-05, 0.0343744, 0.700439, 0.0490552, 1.95459
0.276, -5.0255e-05, 0.0358574, 0.703137, 0.0509787, 2.03139
0.286, -5.40286e-05, 0.0373532, 0.705374, 0.0529399, 2.10969
0.296, -5.78716e-05, 0.0388628, 0.707243, 0.0549366, 2.18941
0.306, -6.17791e-05, 0.0403873, 0.708819, 0.0569668, 2.27049
0.316, -6.57479e-05, 0.0419271, 0.710155, 0.0590292, 2.35286
0.326, -6.9776e-05, 0.0434827, 0.711296, 0.0611226, 2.43648
0.336, -7.38639e-05, 0.0450542, 0.712259, 0.0632477, 2.52135
0.346, -7.80132e-05, 0.0466418, 0.713058, 0.0654044, 2.60749
0.356, -8.22203e-05, 0.0482454, 0.713723, 0.0675911, 2.69484
0.366, -8.64828e-05, 0.0498649, 0.714278, 0.0698067, 2.78336
0.376, -9.07987e-05, 0.0515005, 0.714742, 0.0720504, 2.87299
0.386, -9.51668e-05, 0.0531519, 0.715128, 0.0743213, 2.96372
0.396, -9.9586e-05, 0.0548191, 0.715449, 0.076619, 3.05552
0.406, -0.000104055, 0.0565021, 0.715711, 0.0789428, 3.14837
0.416, -0.000108574, 0.0582009, 0.715925, 0.0812925, 3.24226
0.426, -0.000113142, 0.0599152, 0.716094, 0.0836677, 3.33716
0.436, -0.000117758, 0.0616451, 0.716226, 0.086068, 3.43307
0.446, -0.000122422, 0.0633904, 0.716324, 0.0884932, 3.52998
0.456, -0.000127133, 0.0651513, 0.716391, 0.090943, 3.62788
0.466, -0.000131891, 0.0669274, 0.716432, 0.0934173, 3.72675
0.476, -0.000136695, 0.0687189, 0.71645, 0.0959158, 3.82659
0.486, -0.000141545, 0.0705257, 0.716447, 0.0984383, 3.9274
0.496, -0.000146442, 0.0723477, 0.716425, 0.100985, 4.02916
0.506, -0.000151383, 0.0741848, 0.716387, 0.103555, 4.13187
0.516, -0.00015637, 0.0760371, 0.716336, 0.106148, 4.23551
0.526, -0.000161401, 0.0779045, 0.716273, 0.108765, 4.34008
0.536, -0.000166476, 0.079787, 0.716202, 0.111404, 4.44557
0.546, -0.000171592, 0.0816841, 0.716128, 0.114065, 4.55191
0.556, -0.000176743, 0.0835944, 0.716056, 0.116744, 4.65901
0.566, -0.00018193, 0.085518, 0.715985, 0.119442, 4.76686
0.576, -0.000187153, 0.0874546, 0.715915, 0.122159, 4.87546
0.586, -0.000192411, 0.0894042, 0.715846, 0.124894, 4.9848
0.596, -0.000197704, 0.0913665, 0.715778, 0.127648, 5.09486
0.606, -0.000203031, 0.0933415, 0.715711, 0.130419, 5.20565
0.616, -0.000208393, 0.0953291, 0.715645, 0.133208, 5.31715
0.626, -0.000213789, 0.0973291, 0.71558, 0.136016, 5.42936
0.636, -0.000219219, 0.0993415, 0.715516, 0.13884, 5.54228
0.646, -0.000224681, 0.101366, 0.715453, 0.141682, 5.65589
0.656, -0.000230177, 0.103403, 0.715391, 0.144541, 5.77019
0.666, -0.000235706, 0.105452, 0.71533, 0.147418, 5.88517
0.676, -0.000241268, 0.107512, 0.71527, 0.150311, 6.00084
0.686, -0.000246861, 0.109585, 0.715211, 0.153221, 6.11718
0.696, -0.000252487, 0.111669, 0.715153, 0.156148, 6.23418
0.706, -0.000258144, 0.113764, 0.715095, 0.159091, 6.35184
0.716, -0.000263833, 0.115872, 0.715039, 0.162051, 6.47017
0.726, -0.000269553, 0.11799, 0.714983, 0.165027, 6.58914
0.736, -0.000275303, 0.12012, 0.714928, 0.168019, 6.70875
0.746, -0.000281085, 0.122262, 0.714874, 0.171027, 6.82901
0.756, -0.000286897, 0.124414, 0.714821, 0.174051, 6.9499
0.766, -0.000292739, 0.126562, 0.714695, 0.177091, 7.07143
0.776, -0.000298568, 0.128706, 0.714555, 0.180126, 7.19279
0.786, -0.000304396, 0.130864, 0.714508, 0.183152, 7.31397
0.796, -0.000310247, 0.133034, 0.714466, 0.186201, 7.43583
0.806, -0.000316169, 0.135216, 0.714345, 0.189292, 7.5592
0.816, -0.000322078, 0.137411, 0.714363, 0.192357, 7.68186
0.826, -0.000328056, 0.139618, 0.714281, 0.195469, 7.80625
0.836, -0.000334042, 0.141837, 0.714251, 0.198582, 7.9308
0.846, -0.000340096, 0.144068, 0.714164, 0.201734, 8.05667
0.856, -0.000346152, 0.146312, 0.714132, 0.204884, 8.18262
0.866, -0.00035227, 0.148567, 0.714033, 0.208073, 8.31004
0.876, -0.000358454, 0.150834, 0.71391, 0.21128, 8.43841
0.886, -0.0003646, 0.153114, 0.71389, 0.214481, 8.56632
0.896, -0.000370843, 0.155405, 0.713759, 0.217732, 8.69621
0.906, -0.000377105, 0.157707, 0.713655, 0.220992, 8.82648
0.916, -0.000383404, 0.160022, 0.713554, 0.22426, 8.95743
0.926, -0.000389746, 0.162348, 0.713429, 0.227563, 9.08936
0.936, -0.000396091, 0.164687, 0.713361, 0.230863, 9.22128
0.946, -0.000402475, 0.167037, 0.713263, 0.234187, 9.35427
0.956, -0.000408906, 0.16939, 0.713142, 0.237531, 9.48798
0.966, -0.000415365, 0.171728, 0.712895, 0.240894, 9.6224
0.976, -0.000421854, 0.174078, 0.712669, 0.244273, 9.75728
0.986, -0.000428378, 0.17644, 0.712445, 0.247662, 9.89286
0.996, -0.000434932, 0.178812, 0.712211, 0.251077, 10.0293
1.006, -0.000441552, 0.181196, 0.711935, 0.254524, 10.1671
1.016, -0.000448189, 0.183592, 0.711707, 0.257965, 10.3049
1.026, -0.000454817, 0.185999, 0.711514, 0.261422, 10.443
1.036, -0.000461515, 0.188417, 0.711284, 0.264906, 10.5823
1.046, -0.000468231, 0.190847, 0.711073, 0.2684, 10.722
1.056, -0.000474985, 0.193287, 0.71086, 0.271917, 10.8625
1.066, -0.000481795, 0.195739, 0.710619, 0.275456, 11.0041
1.076, -0.000488595, 0.198202, 0.710435, 0.278993, 11.1456
1.086, -0.000495428, 0.200677, 0.710245, 0.282552, 11.2879
1.096, -0.000502305, 0.203162, 0.710055, 0.28613, 11.4308
1.106, -0.000509227, 0.205658, 0.709839, 0.289736, 11.5749
1.116, -0.0005162, 0.208165, 0.70962, 0.293358, 11.7197
1.126, -0.000523219, 0.210683, 0.709373, 0.297007, 11.8657
1.136, -0.000530228, 0.213212, 0.709178, 0.300653, 12.0116
1.146, -0.000537247, 0.215752, 0.709006, 0.304309, 12.1578
1.156, -0.000544314, 0.218303, 0.708816, 0.30799, 12.3049
1.166, -0.00055145, 0.220865, 0.708592, 0.311702, 12.4533
1.176, -0.000558587, 0.223437, 0.708416, 0.315413, 12.6016
1.186, -0.000565764, 0.226021, 0.708215, 0.319153, 12.751
1.196, -0.000572988, 0.228614, 0.708012, 0.322906, 12.9012
1.206, -0.000580247, 0.231219, 0.707792, 0.326688, 13.0523
1.216, -0.000587539, 0.233834, 0.707585, 0.330475, 13.2039
1.226, -0.000594827, 0.23646, 0.707407, 0.33427, 13.3556
1.236, -0.000602147, 0.239096, 0.707237, 0.33808, 13.5079
1.246, -0.000609515, 0.241743, 0.707047, 0.341913, 13.6612
1.256, -0.000616894, 0.244401, 0.70688, 0.345753, 13.8148
1.266, -0.00062432, 0.247069, 0.706699, 0.349621, 13.9693
1.276, -0.00063181, 0.249747, 0.706488, 0.353517, 14.125
1.286, -0.000639338, 0.252436, 0.706273, 0.357431, 14.2815
1.296, -0.000646862, 0.255135, 0.706088, 0.361347, 14.4381
1.306, -0.000654412, 0.257845, 0.705912, 0.365274, 14.5952
1.316, -0.000661993, 0.260565, 0.705734, 0.369219, 14.753
1.326, -0.000669628, 0.263295, 0.705536, 0.373193, 14.9119
1.336, -0.000677284, 0.266035, 0.705353, 0.377177, 15.0711
1.346, -0.000684967, 0.268786, 0.705172, 0.381173, 15.2309
1.356, -0.000692671, 0.271547, 0.705, 0.385181, 15.3912
1.366, -0.000700388, 0.274318, 0.704843, 0.389199, 15.5518
1.376, -0.000708172, 0.277099, 0.704657, 0.393249, 15.7138
1.386, -0.000716003, 0.27989, 0.704452, 0.397324, 15.8768
1.396, -0.000723856, 0.282692, 0.704264, 0.401412, 16.0401
1.406, -0.000731757, 0.285503, 0.704062, 0.405519, 16.2043
1.416, -0.000739663, 0.288324, 0.703874, 0.409637, 16.3689
1.426, -0.000747634, 0.291155, 0.703662, 0.413784, 16.5348
1.436, -0.000755582, 0.293997, 0.7035, 0.417917, 16.7001
1.446, -0.000763576, 0.296848, 0.703317, 0.42208, 16.8665
1.456, -0.000771589, 0.29971, 0.703151, 0.426248, 17.0332
1.466, -0.000779633, 0.302581, 0.702976, 0.430437, 17.2008
1.476, -0.000787712, 0.305462, 0.702811, 0.434639, 17.3687
1.486, -0.000795821, 0.308353, 0.702639, 0.438861, 17.5375
1.496, -0.000803956, 0.311253, 0.702474, 0.44309, 17.7067
1.506, -0.000812136, 0.314164, 0.702293, 0.447352, 17.877
1.516, -0.000820365, 0.317084, 0.702107, 0.451629, 18.048
1.526, -0.000828599, 0.320014, 0.701932, 0.455916, 18.2194
1.536, -0.000836868, 0.322953, 0.701759, 0.460216, 18.3914
1.546, -0.000845141, 0.325902, 0.701597, 0.464524, 18.5638
1.556, -0.00085345, 0.328861, 0.701439, 0.468847, 18.7366
1.566, -0.000861788, 0.33183, 0.701281, 0.473187, 18.9101
1.576, -0.00087016, 0.334808, 0.701117, 0.477544, 19.0844
1.586, -0.000878545, 0.337796, 0.700972, 0.481906, 19.2588
1.596, -0.000886993, 0.340793, 0.700796, 0.486307, 19.4346
1.606, -0.00089546, 0.343799, 0.700636, 0.490708, 19.6106
1.616, -0.000903938, 0.346815, 0.700483, 0.495121, 19.7871
1.626, -0.000912444, 0.349841, 0.700329, 0.499548, 19.9642
1.636, -0.000920994, 0.352876, 0.700171, 0.503997, 20.1421
1.646, -0.000929564, 0.35592, 0.700017, 0.508455, 20.3204
1.656, -0.000938153, 0.358974, 0.69987, 0.512926, 20.4991
1.666, -0.000946774, 0.362037, 0.699721, 0.517413, 20.6786
1.676, -0.000955426, 0.36511, 0.699573, 0.521916, 20.8586
1.686, -0.000964106, 0.368192, 0.699425, 0.526432, 21.0392
1.696, -0.000972813, 0.371283, 0.699278, 0.530964, 21.2204
1.706, -0.00098155, 0.374383, 0.699129, 0.53551, 21.4022
1.716, -0.000990312, 0.377493, 0.698984, 0.540071, 21.5845
1.726, -0.000999109, 0.380611, 0.698836, 0.544649, 21.7676
1.736, -0.00100795, 0.383739, 0.698679, 0.549246, 21.9515
1.746, -0.0010168, 0.386876, 0.698529, 0.553857, 22.1358
1.756, -0.00102568, 0.390022, 0.698384, 0.558476, 22.3205
1.766, -0.00103459, 0.393177, 0.698236, 0.563114, 22.5059
1.776, -0.00104353, 0.396342, 0.698091, 0.567761, 22.6919
1.786, -0.00105249, 0.399515, 0.697946, 0.572427, 22.8784
1.796, -0.00106148, 0.402697, 0.697801, 0.577108, 23.0655
1.806, -0.00107052, 0.405889, 0.697649, 0.581807, 23.2535
1.816, -0.00107956, 0.409089, 0.697506, 0.586515, 23.4417
1.826, -0.00108866, 0.412298, 0.697345, 0.591254, 23.6312
1.836, -0.00109778, 0.415516, 0.697195, 0.595996, 23.8208
1.846, -0.0011069, 0.418743, 0.697056, 0.600744, 24.0107
1.856, -0.00111606, 0.421979, 0.696912, 0.605512, 24.2014
1.866, -0.00112526, 0.425224, 0.696765, 0.610296, 24.3927
1.876, -0.00113447, 0.428478, 0.696623, 0.615091, 24.5844
1.886, -0.00114372, 0.43174, 0.696477, 0.619903, 24.7769
1.896, -0.00115298, 0.435011, 0.696341, 0.624723, 24.9696
1.906, -0.00116228, 0.438291, 0.696197, 0.629565, 25.1632
1.916, -0.00117161, 0.44158, 0.696057, 0.634414, 25.3571
1.926, -0.00118094, 0.444877, 0.695922, 0.639275, 25.5516
1.936, -0.00119032, 0.448184, 0.695785, 0.644153, 25.7466
1.946, -0.00119971, 0.451498, 0.695651, 0.649042, 25.9421
1.956, -0.00120914, 0.454822, 0.695514, 0.65395, 26.1383
1.966, -0.00121861, 0.458154, 0.69537, 0.658875, 26.3353
1.976, -0.00122809, 0.461494, 0.695236, 0.663808, 26.5326
1.986, -0.00123759, 0.464843, 0.695103, 0.668754, 26.7303
1.996, -0.00124712, 0.468201, 0.694966, 0.673716, 26.9288
2.006, -0.00125668, 0.471567, 0.694833, 0.678691, 27.1277
2.016, -0.00126629, 0.474942, 0.694686, 0.683691, 27.3277
2.026, -0.00127591, 0.478325, 0.69455, 0.688698, 27.5278
2.036, -0.00128555, 0.481717, 0.694417, 0.693712, 27.7284
2.046, -0.00129521, 0.485117, 0.694286, 0.698741, 27.9295
2.056, -0.0013049, 0.488525, 0.694154, 0.703785, 28.1312
2.066, -0.00131462, 0.491942, 0.69402, 0.708844, 28.3335
2.076, -0.00132436, 0.495368, 0.693889, 0.713914, 28.5362
2.086, -0.00133413, 0.498801, 0.693757, 0.718998, 28.7396
2.096, -0.00134393, 0.502243, 0.693624, 0.724099, 28.9436
2.106, -0.00135375, 0.505693, 0.693493, 0.72921, 29.148
2.116, -0.0013636, 0.509152, 0.693365, 0.734333, 29.3528
2.126, -0.00137347, 0.512618, 0.693234, 0.739473, 29.5584
2.136, -0.00138337, 0.516093, 0.693105, 0.744625, 29.7643
2.146, -0.0013933, 0.519576, 0.692975, 0.749791, 29.9709
2.156, -0.00140325, 0.523068, 0.692848, 0.754968, 30.178
2.166, -0.00141322, 0.526567, 0.692721, 0.760157, 30.3855
2.176, -0.00142322, 0.530075, 0.692594, 0.765361, 30.5936
2.186, -0.00143325, 0.53359, 0.692464, 0.770582, 30.8024
2.196, -0.0014433, 0.537114, 0.692337, 0.775813, 31.0116
2.206, -0.00145338, 0.540646, 0.692209, 0.78106, 31.2214
2.216, -0.00146349, 0.544186, 0.692081, 0.786318, 31.4317
2.226, -0.00147362, 0.547734, 0.691953, 0.791591, 31.6425
2.236, -0.00148378, 0.55129, 0.691824, 0.796878, 31.854
2.246, -0.00149396, 0.554854, 0.691698, 0.802177, 32.0658
2.256, -0.00150417, 0.558426, 0.691571, 0.80749, 32.2783
2.266, -0.00151441, 0.562006, 0.691442, 0.812817, 32.4914
2.276, -0.00152467, 0.565593, 0.691313, 0.818159, 32.705
2.286, -0.00153496, 0.569189, 0.691185, 0.823513, 32.9191
2.296, -0.00154527, 0.572793, 0.691056, 0.828881, 33.1337
2.306, -0.00155561, 0.576404, 0.690927, 0.834263, 33.349
2.316, -0.00156596, 0.580023, 0.690804, 0.83965, 33.5644
2.326, -0.00157634, 0.58365, 0.690682, 0.84505, 33.7804
2.336, -0.00158675, 0.587285, 0.690557, 0.850467, 33.997
2.346, -0.00159718, 0.590928, 0.690432, 0.855897, 34.2141
2.356, -0.00160763, 0.594578, 0.69031, 0.861335, 34.4316
2.366, -0.0016181, 0.598236, 0.690189, 0.866786, 34.6496
2.376, -0.0016286, 0.601902, 0.690069, 0.872251, 34.8681
2.386, -0.00163913, 0.605575, 0.689947, 0.877728, 35.0872
2.396, -0.00164968, 0.609257, 0.689826, 0.883219, 35.3067
2.406, -0.00166025, 0.612945, 0.689704, 0.888725, 35.5269
2.416, -0.00167085, 0.616642, 0.689583, 0.89424, 35.7475
2.426, -0.00168148, 0.620346, 0.689462, 0.899769, 35.9686
2.436, -0.00169212, 0.624057, 0.689342, 0.905309, 36.1902
2.446, -0.00170279, 0.627776, 0.689225, 0.910859, 36.4121
2.456, -0.00171348, 0.631503, 0.689106, 0.916425, 36.6347
2.466, -0.00172421, 0.635237, 0.688985, 0.922007, 36.8579
2.476, -0.00173495, 0.638979, 0.688866, 0.927597, 37.0815
2.486, -0.00174572, 0.642728, 0.688744, 0.933205, 37.3058
2.496, -0.00175652, 0.646485, 0.688623, 0.938824, 37.5304
2.506, -0.00176733, 0.650249, 0.688507, 0.94445, 37.7555
2.516, -0.00177816, 0.65402, 0.688389, 0.95009, 37.981
2.526, -0.00178902, 0.657799, 0.688272, 0.955743, 38.207
2.536, -0.00179991, 0.661585, 0.688154, 0.961407, 38.4336
2.546, -0.00181082, 0.665379, 0.688038, 0.967083, 38.6606
2.556, -0.00182175, 0.66918, 0.687921, 0.972773, 38.8881
2.566, -0.0018327, 0.672988, 0.687806, 0.978473, 39.1161
2.576, -0.00184369, 0.676803, 0.687685, 0.984192, 39.3448
2.586, -0.00185469, 0.680626, 0.687571, 0.989915, 39.5737
2.596, -0.00186571, 0.684456, 0.687456, 0.995652, 39.8031
2.606, -0.00187675, 0.688293, 0.687343, 1.0014, 40.033
2.616, -0.00188782, 0.692138, 0.687228, 1.00716, 40.2634
2.626, -0.00189892, 0.695989, 0.687112, 1.01294, 40.4943
2.636, -0.00191003, 0.699848, 0.686998, 1.01872, 40.7257
2.646, -0.00192118, 0.703714, 0.686883, 1.02452, 40.9576
2.656, -0.00193234, 0.707587, 0.68677, 1.03033, 41.1899
2.666, -0.00194352, 0.711467, 0.686656, 1.03615, 41.4227
2.676, -0.00195473, 0.715354, 0.686544, 1.04198, 41.6559
2.686, -0.00196596, 0.719249, 0.686429, 1.04783, 41.8898
2.696, -0.00197721, 0.72315, 0.686317, 1.05368, 42.124
2.706, -0.00198848, 0.727058, 0.686205, 1.05955, 42.3586
2.716, -0.00199978, 0.730974, 0.686093, 1.06543, 42.5938
2.726, -0.0020111, 0.734896, 0.685981, 1.07132, 42.8294
2.736, -0.00202244, 0.738826, 0.68587, 1.07723, 43.0654
2.746, -0.00203381, 0.742762, 0.685758, 1.08314, 43.302
2.756, -0.0020452, 0.746705, 0.685648, 1.08907, 43.539
2.766, -0.0020566, 0.750655, 0.685537, 1.09501, 43.7765
2.776, -0.00206804, 0.754612, 0.685425, 1.10096, 44.0145
2.786, -0.00207949, 0.758576, 0.685315, 1.10692, 44.2529
2.796, -0.00209098, 0.762547, 0.685202, 1.1129, 44.4919
2.806, -0.00210249, 0.766524, 0.68509, 1.11888, 44.7314
2.816, -0.00211401, 0.770509, 0.684979, 1.12488, 44.9713
2.826, -0.00212555, 0.7745, 0.68487, 1.13089, 45.2115
2.836, -0.00213711, 0.778498, 0.684761, 1.13691, 45.4522
2.846, -0.0021487, 0.782502, 0.684652, 1.14294, 45.6933
2.856, -0.0021603, 0.786514, 0.684544, 1.14898, 45.9349
2.866, -0.00217193, 0.790532, 0.684436, 1.15503, 46.177
2.876, -0.00218359, 0.794556, 0.684327, 1.1611, 46.4195
2.886, -0.00219526, 0.798588, 0.684219, 1.16717, 46.6625
2.896, -0.00220696, 0.802626, 0.684111, 1.17326, 46.906
2.906, -0.00221868, 0.806671, 0.684001, 1.17936, 47.15
2.916, -0.00223042, 0.810722, 0.683894, 1.18547, 47.3943
2.926, -0.00224217, 0.81478, 0.683788, 1.19159, 47.639
2.936, -0.00225396, 0.818844, 0.68368, 1.19772, 47.8843
2.946, -0.00226576, 0.822915, 0.683573, 1.20386, 48.1299
2.956, -0.00227759, 0.826993, 0.683464, 1.21002, 48.3762
2.966, -0.00228944, 0.831077, 0.683356, 1.21619, 48.6229
2.976, -0.00230131, 0.835168, 0.683249, 1.22237, 48.8699
2.986, -0.00231319, 0.839265, 0.683144, 1.22855, 49.1173
2.996, -0.0023251, 0.843368, 0.683038, 1.23475, 49.3652
3.006, -0.00233703, 0.847478, 0.682933, 1.24096, 49.6135
3.016, -0.00234898, 0.851595, 0.682827, 1.24718, 49.8623
3.026, -0.00236096, 0.855717, 0.682722, 1.25341, 50.1115
3.036, -0.00237295, 0.859847, 0.682617, 1.25965, 50.3611
3.046, -0.00238497, 0.863982, 0.682511, 1.26591, 50.6113
3.056, -0.002397, 0.868124, 0.682407, 1.27217, 50.8617
3.066, -0.00240905, 0.872272, 0.682303, 1.27844, 51.1126
3.076, -0.00242113, 0.876427, 0.682199, 1.28473, 51.364
3.086, -0.00243322, 0.880588, 0.682095, 1.29102, 51.6158
3.096, -0.00244534, 0.884755, 0.68199, 1.29733, 51.8681
3.106, -0.00245748, 0.888928, 0.681886, 1.30365, 52.1207
3.116, -0.00246964, 0.893107, 0.681783, 1.30998, 52.3738
3.126, -0.00248182, 0.897293, 0.681681, 1.31632, 52.6272
3.136, -0.00249401, 0.901485, 0.681578, 1.32266, 52.8811
3.146, -0.00250623, 0.905683, 0.681476, 1.32902, 53.1355
3.156, -0.00251847, 0.909887, 0.681374, 1.33539, 53.3902
3.166, -0.00253073, 0.914098, 0.68127, 1.34178, 53.6455
3.176, -0.00254302, 0.918314, 0.681167, 1.34817, 53.9012
3.186, -0.00255532, 0.922537, 0.681065, 1.35457, 54.1572
3.196, -0.00256764, 0.926766, 0.680963, 1.36098, 54.4137
3.206, -0.00257998, 0.931, 0.680862, 1.36741, 54.6705
3.216, -0.00259233, 0.935241, 0.680761, 1.37384, 54.9277
3.226, -0.00260471, 0.939488, 0.680661, 1.38028, 55.1854
3.236, -0.00261711, 0.943741, 0.680559, 1.38673, 55.4435
3.246, -0.00262954, 0.948, 0.680458, 1.3932, 55.7021
3.256, -0.00264198, 0.952265, 0.680357, 1.39968, 55.9611
3.266, -0.00265444, 0.956535, 0.680256, 1.40616, 56.2205
3.276, -0.00266692, 0.960812, 0.680156, 1.41266, 56.4802
3.286, -0.00267941, 0.965095, 0.680056, 1.41916, 56.7404
3.296, -0.00269194, 0.969383, 0.679954, 1.42568, 57.0011
3.306, -0.00270448, 0.973677, 0.679854, 1.43221, 57.2621
3.316, -0.00271704, 0.977978, 0.679754, 1.43874, 57.5236
3.326, -0.00272961, 0.982284, 0.679655, 1.44529, 57.7854
3.336, -0.00274221, 0.986596, 0.679554, 1.45185, 58.0477
3.346, -0.00275483, 0.990913, 0.679456, 1.45841, 58.3103
3.356, -0.00276747, 0.995237, 0.679357, 1.46499, 58.5733
3.366, -0.00278012, 0.999566, 0.679258, 1.47158, 58.8367
3.376, -0.00279279, 1.0039, 0.679159, 1.47817, 59.1005
3.386, -0.00280549, 1.00824, 0.679061, 1.48478, 59.3648
3.396, -0.0028182, 1.01259, 0.678962, 1.4914, 59.6295
3.406, -0.00283093, 1.01694, 0.678864, 1.49802, 59.8945
3.416, -0.00284369, 1.0213, 0.678765, 1.50466, 60.16
3.426, -0.00285647, 1.02566, 0.678666, 1.51131, 60.4259
3.436, -0.00286925, 1.03003, 0.678568, 1.51797, 60.6922
3.446, -0.00288206, 1.03441, 0.67847, 1.52464, 60.9588
3.456, -0.00289489, 1.03879, 0.678372, 1.53131, 61.2258
3.466, -0.00290774, 1.04317, 0.678275, 1.538, 61.4932
3.476, -0.0029206, 1.04756, 0.678178, 1.5447, 61.761
3.486, -0.00293348, 1.05196, 0.678081, 1.5514, 62.0292
3.496, -0.00294638, 1.05636, 0.677984, 1.55812, 62.2978
3.506, -0.00295931, 1.06077, 0.677887, 1.56484, 62.5667
3.516, -0.00297225, 1.06518, 0.677791, 1.57158, 62.8361
3.526, -0.0029852, 1.0696, 0.677695, 1.57832, 63.1058
3.536, -0.00299818, 1.07403, 0.677597, 1.58508, 63.376
3.546, -0.00301118, 1.07846, 0.677502, 1.59184, 63.6465
3.556, -0.00302419, 1.08289, 0.677406, 1.59861, 63.9174
3.566, -0.00303722, 1.08733, 0.677311, 1.60539, 64.1886
3.576, -0.00305027, 1.09178, 0.677215, 1.61219, 64.4602
3.586, -0.00306333, 1.09623, 0.67712, 1.61899, 64.7323
3.596, -0.00307642, 1.10069, 0.677025, 1.6258, 65.0046
3.606, -0.00308953, 1.10515, 0.676928, 1.63262, 65.2775
3.616, -0.00310265, 1.10962, 0.676834, 1.63945, 65.5506
3.626, -0.00311579, 1.11409, 0.676739, 1.64629, 65.8242
3.636, -0.00312895, 1.11857, 0.676644, 1.65314, 66.0982
3.646, -0.00314213, 1.12305, 0.676549, 1.66, 66.3724
3.656, -0.00315532, 1.12754, 0.676454, 1.66687, 66.6472
3.666, -0.00316854, 1.13204, 0.67636, 1.67374, 66.9222
3.676, -0.00318177, 1.13654, 0.676265, 1.68063, 67.1977
3.686, -0.00319501, 1.14104, 0.676172, 1.68753, 67.4734
3.696, -0.00320828, 1.14555, 0.676078, 1.69443, 67.7495
3.706, -0.00322156, 1.15007, 0.675984, 1.70134, 68.026
3.716, -0.00323486, 1.15459, 0.675891, 1.70827, 68.3029
3.726, -0.00324818, 1.15911, 0.675797, 1.7152, 68.5802
3.736, -0.00326152, 1.16364, 0.675703, 1.72214, 68.8578
3.746, -0.00327487, 1.16818, 0.675611, 1.72909, 69.1357
3.756, -0.00328824, 1.17272, 0.675518, 1.73605, 69.4141
3.766, -0.00330163, 1.17726, 0.675425, 1.74302, 69.6928
3.776, -0.00331503, 1.18181, 0.675332, 1.74999, 69.9719
3.786, -0.00332845, 1.18637, 0.67524, 1.75698, 70.2512
3.796, -0.00334189, 1.19093, 0.675149, 1.76397, 70.5309
3.806, -0.00335534, 1.19549, 0.675057, 1.77098, 70.8111
3.816, -0.00336882, 1.20006, 0.674964, 1.77799, 71.0916
3.826, -0.00338231, 1.20464, 0.674873, 1.78501, 71.3724
3.836, -0.00339582, 1.20922, 0.674781, 1.79204, 71.6535
3.846, -0.00340934, 1.21381, 0.67469, 1.79908, 71.9351
3.856, -0.00342288, 1.2184, 0.674598, 1.80613, 72.217
3.866, -0.00343644, 1.22299, 0.674507, 1.81319, 72.4993
3.876, -0.00345002, 1.22759, 0.674416, 1.82025, 72.7818
3.886, -0.00346361, 1.2322, 0.674325, 1.82733, 73.0648
3.896, -0.00347722, 1.23681, 0.674233, 1.83441, 73.3481
3.906, -0.00349085, 1.24142, 0.674142, 1.84151, 73.6318
3.916, -0.00350449, 1.24604, 0.674052, 1.84861, 73.9158
3.926, -0.00351815, 1.25066, 0.67396, 1.85572, 74.2003
3.936, -0.00353183, 1.25529, 0.673869, 1.86284, 74.485
3.946, -0.00354552, 1.25993, 0.673779, 1.86996, 74.7701
3.956, -0.00355923, 1.26456, 0.673689, 1.8771, 75.0554
3.966, -0.00357296, 1.26921, 0.673599, 1.88424, 75.3411
3.976, -0.0035867, 1.27386, 0.67351, 1.8914, 75.6272
3.986, -0.00360046, 1.27851, 0.673419, 1.89856, 75.9137
3.996, -0.00361423, 1.28317, 0.67333, 1.90573, 76.2004
4.006, -0.00362802, 1.28783, 0.67324, 1.91291, 76.4875
4.016, -0.00364183, 1.29249, 0.67315, 1.92009, 76.775
4.026, -0.00365565, 1.29717, 0.673061, 1.92729, 77.0627
4.036, -0.00366949, 1.30184, 0.672972, 1.93449, 77.3508
4.046, -0.00368334, 1.30652, 0.672884, 1.9417, 77.6392
4.056, -0.00369722, 1.31121, 0.672795, 1.94892, 77.928
4.066, -0.0037111, 1.3159, 0.672706, 1.95615, 78.2171
4.076, -0.00372501, 1.32059, 0.672617, 1.96339, 78.5065
4.086, -0.00373893, 1.32529, 0.672529, 1.97063, 78.7963
4.096, -0.00375286, 1.32999, 0.672441, 1.97788, 79.0864
4.106, -0.00376681, 1.3347, 0.672352, 1.98515, 79.3768
4.116, -0.00378078, 1.33941, 0.672263, 1.99242, 79.6676
4.126, -0.00379477, 1.34413, 0.672175, 1.9997, 79.9587
4.136, -0.00380876, 1.34885, 0.672087, 2.00698, 80.2501
4.146, -0.00382278, 1.35358, 0.672, 2.01428, 80.5418
4.156, -0.0038368, 1.35831, 0.671912, 2.02158, 80.8339
4.166, -0.00385085, 1.36304, 0.671825, 2.02889, 81.1262
4.176, -0.0038649, 1.36778, 0.671738, 2.0362, 81.4189
4.186, -0.00387898, 1.37252, 0.671651, 2.04353, 81.7119
4.196, -0.00389307, 1.37727, 0.671564, 2.05087, 82.0053
4.206, -0.00390718, 1.38202, 0.671477, 2.05821, 82.2989
4.216, -0.0039213, 1.38678, 0.67139, 2.06556, 82.5929
4.226, -0.00393544, 1.39154, 0.671303, 2.07292, 82.8872
4.236, -0.00394959, 1.3963, 0.671217, 2.08028, 83.1818
4.246, -0.00396375, 1.40107, 0.67113, 2.08766, 83.4767
4.256, -0.00397793, 1.40584, 0.671044, 2.09504, 83.7719
4.266, -0.00399213, 1.41062, 0.670958, 2.10243, 84.0675
4.276, -0.00400634, 1.4154, 0.670872, 2.10982, 84.3634
4.286, -0.00402057, 1.42019, 0.670785, 2.11723, 84.6596
4.296, -0.00403482, 1.42498, 0.670699, 2.12464, 84.9561
4.306, -0.00404907, 1.42977, 0.670614, 2.13207, 85.2529
4.316, -0.00406335, 1.43457, 0.670528, 2.1395, 85.5501
4.326, -0.00407764, 1.43937, 0.670441, 2.14693, 85.8476
4.336, -0.00409194, 1.44418, 0.670356, 2.15438, 86.1454
4.346, -0.00410626, 1.44899, 0.67027, 2.16183, 86.4434
4.356, -0.00412059, 1.45381, 0.670185, 2.16929, 86.7418
4.366, -0.00413493, 1.45863, 0.6701, 2.17676, 87.0404
4.376, -0.00414929, 1.46345, 0.670015, 2.18423, 87.3394
4.386, -0.00416367, 1.46828, 0.66993, 2.19171, 87.6386
4.396, -0.00417807, 1.47311, 0.669844, 2.19921, 87.9383
4.406, -0.00419247, 1.47794, 0.669759, 2.20671, 88.2383
4.416, -0.00420689, 1.48278, 0.669674, 2.21421, 88.5385
4.426, -0.00422133, 1.48763, 0.669589, 2.22173, 88.839
4.436, -0.00423578, 1.49247, 0.669505, 2.22925, 89.1398
4.446, -0.00425024, 1.49732, 0.66942, 2.23678, 89.4409
4.456, -0.00426472, 1.50218, 0.669335, 2.24431, 89.7424
4.466, -0.00427921, 1.50704, 0.669251, 2.25186, 90.0441
4.476, -0.00429372, 1.5119, 0.669167, 2.25941, 90.3461
4.486, -0.00430824, 1.51677, 0.669083, 2.26696, 90.6484
4.496, -0.00432277, 1.52164, 0.668999, 2.27453, 90.9509
4.506, -0.00433732, 1.52651, 0.668915, 2.2821, 91.2538
4.516, -0.00435188, 1.53139, 0.668832, 2.28968, 91.5569
4.526, -0.00436646, 1.53627, 0.668748, 2.29727, 91.8603
4.536, -0.00438105, 1.54116, 0.668665, 2.30486, 92.1641
4.546, -0.00439565, 1.54605, 0.668581, 2.31246, 92.4682
4.556, -0.00441027, 1.55094, 0.668498, 2.32007, 92.7725
4.566, -0.0044249, 1.55584, 0.668415, 2.32769, 93.077
4.576, -0.00443954, 1.56074, 0.668332, 2.33531, 93.3819
4.586, -0.0044542, 1.56565, 0.668249, 2.34294, 93.6871
4.596, -0.00446887, 1.57056, 0.668166, 2.35058, 93.9925
4.606, -0.00448356, 1.57547, 0.668084, 2.35822, 94.2983
4.616, -0.00449826, 1.58039, 0.668001, 2.36587, 94.6043
4.626, -0.00451297, 1.58531, 0.667919, 2.37353, 94.9106
4.636, -0.0045277, 1.59023, 0.667836, 2.3812, 95.2172
4.646, -0.00454244, 1.59516, 0.667754, 2.38887, 95.5241
4.656, -0.0045572, 1.60009, 0.667671, 2.39655, 95.8313
4.666, -0.00457197, 1.60502, 0.667589, 2.40424, 96.1388
4.676, -0.00458675, 1.60996, 0.667506, 2.41193, 96.4465
4.686, -0.00460154, 1.6149, 0.667424, 2.41963, 96.7545
4.696, -0.00461635, 1.61985, 0.667343, 2.42734, 97.0628
4.706, -0.00463117, 1.6248, 0.667261, 2.43505, 97.3713
4.716, -0.004646, 1.62975, 0.667179, 2.44278, 97.6801
4.726, -0.00466085, 1.6347, 0.667097, 2.4505, 97.9892
4.736, -0.00467571, 1.63966, 0.667015, 2.45824, 98.2987
4.746, -0.00469059, 1.64463, 0.666934, 2.46598, 98.6083
4.756, -0.00470547, 1.64959, 0.666853, 2.47373, 98.9183
4.766, -0.00472037, 1.65456, 0.666771, 2.48149, 99.2285
4.776, -0.00473529, 1.65954, 0.66669, 2.48925, 99.539
4.786, -0.00475022, 1.66451, 0.666608, 2.49702, 99.8498
4.796, -0.00476515, 1.66949, 0.666527, 2.5048, 100.161
4.806, -0.00478011, 1.67448, 0.666446, 2.51258, 100.472
4.816, -0.00479507, 1.67947, 0.666365, 2.52037, 100.784
4.826, -0.00481005, 1.68446, 0.666284, 2.52817, 101.095
4.836, -0.00482504, 1.68945, 0.666204, 2.53597, 101.407
4.846, -0.00484004, 1.69445, 0.666123, 2.54378, 101.72
4.856, -0.00485505, 1.69945, 0.666043, 2.55159, 102.032
4.866, -0.00487008, 1.70445, 0.665963, 2.55941, 102.345
4.876, -0.00488512, 1.70946, 0.665883, 2.56724, 102.658
4.886, -0.00490017, 1.71447, 0.665803, 2.57507, 102.972
4.896, -0.00491523, 1.71948, 0.665723, 2.58292, 103.285
4.906, -0.00493031, 1.7245, 0.665643, 2.59076, 103.599
4.916, -0.0049454, 1.72952, 0.665563, 2.59862, 103.913
4.926, -0.00496051, 1.73455, 0.665482, 2.60648, 104.228
4.936, -0.00497562, 1.73957, 0.665403, 2.61435, 104.542
4.946, -0.00499074, 1.7446, 0.665323, 2.62222, 104.857
4.956, -0.00500588, 1.74964, 0.665244, 2.6301, 105.172
4.966, -0.00502103, 1.75467, 0.665164, 2.63799, 105.488
4.976, -0.00503619, 1.75971, 0.665085, 2.64588, 105.804
4.986, -0.00505137, 1.76476, 0.665006, 2.65378, 106.12
4.996, -0.00506655, 1.7698, 0.664927, 2.66168, 106.436
5.006, -0.00508175, 1.77485, 0.664848, 2.66959, 106.752
5.016, -0.00509697, 1.7799, 0.664769, 2.67751, 107.069
5.026, -0.00511219, 1.78496, 0.66469, 2.68543, 107.386
5.036, -0.00512742, 1.79002, 0.664611, 2.69336, 107.703
5.046, -0.00514267, 1.79508, 0.664533, 2.7013, 108.02
5.056, -0.00515792, 1.80015, 0.664454, 2.70924, 108.338
5.066, -0.00517319, 1.80521, 0.664375, 2.71719, 108.656
5.076, -0.00518848, 1.81028, 0.664297, 2.72515, 108.974
5.086, -0.00520377, 1.81536, 0.664218, 2.73311, 109.292
5.096, -0.00521908, 1.82044, 0.664139, 2.74108, 109.611
5.106, -0.0052344, 1.82552, 0.664061, 2.74905, 109.93
5.116, -0.00524973, 1.8306, 0.663983, 2.75703, 110.249
5.126, -0.00526507, 1.83568, 0.663904, 2.76502, 110.569
5.136, -0.00528042, 1.84077, 0.663826, 2.77301, 110.888
5.146, -0.00529579, 1.84586, 0.663749, 2.781, 111.208
5.156, -0.00531116, 1.85096, 0.663671, 2.789, 111.528
5.166, -0.00532654, 1.85606, 0.663593, 2.79701, 111.848
5.176, -0.00534194, 1.86116, 0.663515, 2.80503, 112.169
5.186, -0.00535735, 1.86626, 0.663438, 2.81305, 112.49
5.196, -0.00537277, 1.87137, 0.66336, 2.82108, 112.811
5.206, -0.0053882, 1.87648, 0.663283, 2.82911, 113.132
5.216, -0.00540364, 1.88159, 0.663206, 2.83715, 113.454
5.226, -0.0054191, 1.8867, 0.663128, 2.84519, 113.775
5.236, -0.00543456, 1.89182, 0.663051, 2.85324, 114.097
5.246, -0.00545004, 1.89694, 0.662974, 2.86129, 114.42
5.256, -0.00546552, 1.90206, 0.662897, 2.86935, 114.742
5.266, -0.00548102, 1.90719, 0.66282, 2.87742, 115.065
5.276, -0.00549653, 1.91232, 0.662743, 2.88549, 115.387
5.286, -0.00551205, 1.91745, 0.662666, 2.89357, 115.711
5.296, -0.00552758, 1.92259, 0.66259, 2.90166, 116.034
5.306, -0.00554312, 1.92772, 0.662513, 2.90975, 116.357
5.316, -0.00555867, 1.93286, 0.662437, 2.91784, 116.681
5.326, -0.00557423, 1.93801, 0.66236, 2.92594, 117.005
5.336, -0.00558981, 1.94315, 0.662284, 2.93405, 117.329
5.346, -0.00560539, 1.9483, 0.662208, 2.94216, 117.654
5.356, -0.00562099, 1.95345, 0.662131, 2.95028, 117.979
5.366, -0.00563659, 1.9586, 0.662055, 2.9584, 118.304
5.376, -0.00565221, 1.96376, 0.661979, 2.96653, 118.629
5.386, -0.00566783, 1.96892, 0.661903, 2.97466, 118.954
5.396, -0.00568347, 1.97408, 0.661827, 2.9828, 119.28
5.406, -0.00569912, 1.97924, 0.661751, 2.99095, 119.605
5.416, -0.00571478, 1.98441, 0.661675, 2.9991, 119.931
5.426, -0.00573045, 1.98958, 0.6616, 3.00726, 120.258
5.436, -0.00574612, 1.99475, 0.661524, 3.01542, 120.584
5.446, -0.00576181, 1.99992, 0.661449, 3.02358, 120.911
5.456, -0.00577751, 2.0051, 0.661373, 3.03175, 121.237
5.466, -0.00579322, 2.01028, 0.661298, 3.03993, 121.565
5.476, -0.00580894, 2.01546, 0.661222, 3.04811, 121.892
5.486, -0.00582467, 2.02064, 0.661147, 3.0563, 122.219
5.496, -0.00584041, 2.02583, 0.661072, 3.06449, 122.547
5.506, -0.00585616, 2.03102, 0.660997, 3.07269, 122.875
5.516, -0.00587192, 2.03621, 0.660922, 3.0809, 123.203
5.526, -0.00588769, 2.0414, 0.660847, 3.08911, 123.531
5.536, -0.00590347, 2.0466, 0.660772, 3.09732, 123.86
5.546, -0.00591926, 2.0518, 0.660697, 3.10554, 124.189
5.556, -0.00593506, 2.057, 0.660622, 3.11376, 124.518
5.566, -0.00595087, 2.0622, 0.660548, 3.12199, 124.847
5.576, -0.00596669, 2.06741, 0.660473, 3.13023, 125.176
5.586, -0.00598252, 2.07262, 0.660398, 3.13847, 125.506
5.596, -0.00599836, 2.07783, 0.660324, 3.14671, 125.836
5.606, -0.00601422, 2.08304, 0.660249, 3.15497, 126.166
5.616, -0.00603007, 2.08825, 0.660175, 3.16322, 126.496
5.626, -0.00604594, 2.09347, 0.6601, 3.17148, 126.826
5.636, -0.00606182, 2.09869, 0.660026, 3.17975, 127.157
5.646, -0.00607771, 2.10391, 0.659952, 3.18801, 127.488
5.656, -0.0060936, 2.10914, 0.659878, 3.19629, 127.818
5.666, -0.00610951, 2.11436, 0.659804, 3.20457, 128.15
5.676, -0.00612543, 2.11959, 0.65973, 3.21286, 128.481
5.686, -0.00614135, 2.12483, 0.659657, 3.22114, 128.813
5.696, -0.00615728, 2.13006, 0.659583, 3.22944, 129.144
5.706, -0.00617323, 2.13529, 0.659509, 3.23774, 129.476
5.716, -0.00618918, 2.14053, 0.659436, 3.24604, 129.808
5.726, -0.00620514, 2.14577, 0.659362, 3.25435, 130.141
5.736, -0.00622112, 2.15101, 0.659289, 3.26266, 130.473
5.746, -0.0062371, 2.15626, 0.659215, 3.27098, 130.806
5.756, -0.00625309, 2.1615, 0.659142, 3.27931, 131.139
5.766, -0.00626909, 2.16675, 0.659068, 3.28764, 131.472
5.776, -0.0062851, 2.172, 0.658995, 3.29597, 131.805
5.786, -0.00630111, 2.17726, 0.658922, 3.30431, 132.139
5.796, -0.00631714, 2.18251, 0.658849, 3.31265, 132.473
5.806, -0.00633317, 2.18777, 0.658776, 3.32099, 132.806
5.816, -0.00634922, 2.19303, 0.658703, 3.32935, 133.14
5.826, -0.00636527, 2.19829, 0.658631, 3.3377, 133.475
5.836, -0.00638133, 2.20355, 0.658558, 3.34606, 133.809
5.846, -0.00639741, 2.20882, 0.658485, 3.35443, 134.144
5.856, -0.00641349, 2.21408, 0.658412, 3.3628, 134.479
5.866, -0.00642958, 2.21935, 0.658339, 3.37118, 134.814
5.876, -0.00644568, 2.22463, 0.658267, 3.37956, 135.149
5.886, -0.00646178, 2.2299, 0.658194, 3.38794, 135.484
5.896, -0.0064779, 2.23517, 0.658122, 3.39633, 135.82
5.906, -0.00649402, 2.24045, 0.65805, 3.40472, 136.155
5.916, -0.00651015, 2.24573, 0.657978, 3.41312, 136.491
5.926, -0.00652629, 2.25101, 0.657906, 3.42152, 136.827
5.936, -0.00654243, 2.25629, 0.657834, 3.42992, 137.163
5.946, -0.00655859, 2.26158, 0.657762, 3.43833, 137.5
5.956, -0.00657475, 2.26687, 0.65769, 3.44675, 137.836
5.966, -0.00659092, 2.27216, 0.657619, 3.45516, 138.173
5.976, -0.0066071, 2.27745, 0.657547, 3.46359, 138.51
5.986, -0.00662329, 2.28274, 0.657475, 3.47201, 138.847
5.996, -0.00663949, 2.28803, 0.657404, 3.48044, 139.184
6.006, -0.0066557, 2.29333, 0.657332, 3.48888, 139.521
6.016, -0.00667191, 2.29863, 0.657261, 3.49732, 139.859
6.026, -0.00668813, 2.30393, 0.65719, 3.50576, 140.197
6.036, -0.00670436, 2.30923, 0.657119, 3.51421, 140.535
6.046, -0.0067206, 2.31453, 0.657047, 3.52266, 140.873
6.056, -0.00673685, 2.31984, 0.656976, 3.53112, 141.211
6.066, -0.0067531, 2.32514, 0.656905, 3.53958, 141.549
6.076, -0.00676936, 2.33045, 0.656834, 3.54805, 141.888
6.086, -0.00678564, 2.33576, 0.656763, 3.55652, 142.227
6.096, -0.00680191, 2.34108, 0.656692, 3.56499, 142.566
6.106, -0.0068182, 2.34639, 0.656621, 3.57347, 142.905
6.116, -0.0068345, 2.35171, 0.65655, 3.58195, 143.244
6.126, -0.0068508, 2.35702, 0.656479, 3.59044, 143.584
6.136, -0.00686711, 2.36234, 0.656409, 3.59893, 143.923
6.146, -0.00688343, 2.36766, 0.656338, 3.60742, 144.263
6.156, -0.00689976, 2.37299, 0.656268, 3.61592, 144.603
6.166, -0.00691609, 2.37831, 0.656197, 3.62442, 144.943
6.176, -0.00693243, 2.38364, 0.656127, 3.63293, 145.283
6.186, -0.00694878, 2.38896, 0.656056, 3.64144, 145.624
6.196, -0.00696514, 2.39429, 0.655986, 3.64996, 145.964
6.206, -0.0069815, 2.39962, 0.655916, 3.65847, 146.305
6.216, -0.00699787, 2.40496, 0.655846, 3.66699, 146.646
6.226, -0.00701425, 2.41029, 0.655776, 3.67552, 146.987
6.236, -0.00703064, 2.41563, 0.655706, 3.68405, 147.328
6.246, -0.00704703, 2.42096, 0.655636, 3.69258, 147.669
6.256, -0.00706343, 2.4263, 0.655566, 3.70112, 148.011
6.266, -0.00707984, 2.43164, 0.655496, 3.70966, 148.352
6.276, -0.00709625, 2.43699, 0.655426, 3.71821, 148.694
6.286, -0.00711267, 2.44233, 0.655357, 3.72675, 149.036
6.296, -0.0071291, 2.44767, 0.655287, 3.73531, 149.378
6.306, -0.00714554, 2.45302, 0.655218, 3.74386, 149.72
6.316, -0.00716199, 2.45837, 0.655148, 3.75243, 150.063
6.326, -0.00717844, 2.46372, 0.655078, 3.76099, 150.405
6.336, -0.0071949, 2.46907, 0.655009, 3.76956, 150.748
6.346, -0.00721137, 2.47442, 0.65494, 3.77813, 151.091
6.356, -0.00722784, 2.47977, 0.65487, 3.7867, 151.434
6.366, -0.00724432, 2.48513, 0.654801, 3.79528, 151.777
6.376, -0.00726081, 2.49049, 0.654732, 3.80386, 152.12
6.386, -0.0072773, 2.49584, 0.654663, 3.81245, 152.464
6.396, -0.0072938, 2.5012, 0.654594, 3.82104, 152.807
6.406, -0.00731031, 2.50656, 0.654525, 3.82963, 153.151
6.416, -0.00732682, 2.51193, 0.654456, 3.83823, 153.495
6.426, -0.00734335, 2.51729, 0.654387, 3.84683, 153.839
6.436, -0.00735987, 2.52265, 0.654318, 3.85543, 154.183
6.446, -0.00737641, 2.52802, 0.65425, 3.86404, 154.527
6.456, -0.00739295, 2.53339, 0.654181, 3.87265, 154.872
6.466, -0.00740951, 2.53876, 0.654112, 3.88127, 155.216
6.476, -0.00742607, 2.54413, 0.654043, 3.88989, 155.561
6.486, -0.00744263, 2.5495, 0.653975, 3.89851, 155.906
6.496, -0.00745919, 2.55487, 0.653906, 3.90713, 156.251
6.506, -0.00747577, 2.56025, 0.653838, 3.91576, 156.596
6.516, -0.00749235, 2.56562, 0.65377, 3.92439, 156.941
6.526, -0.00750893, 2.571, 0.653702, 3.93302, 157.286
6.536, -0.00752553, 2.57638, 0.653633, 3.94166, 157.632
6.546, -0.00754213, 2.58176, 0.653565, 3.9503, 157.978
6.556, -0.00755873, 2.58714, 0.653497, 3.95895, 158.323
6.566, -0.00757535, 2.59252, 0.653429, 3.9676, 158.669
6.576, -0.00759197, 2.5979, 0.653362, 3.97625, 159.015
6.586, -0.00760859, 2.60328, 0.653294, 3.9849, 159.361
6.596, -0.00762522, 2.60867, 0.653226, 3.99356, 159.708
6.606, -0.00764186, 2.61406, 0.653158, 4.00222, 160.054
6.616, -0.00765851, 2.61944, 0.653091, 4.01088, 160.401
6.626, -0.00767516, 2.62483, 0.653023, 4.01955, 160.747
6.636, -0.00769181, 2.63022, 0.652955, 4.02822, 161.094
6.646, -0.00770847, 2.63561, 0.652888, 4.03689, 161.441
6.656, -0.00772514, 2.641, 0.652821, 4.04557, 161.788
6.666, -0.00774182, 2.6464, 0.652753, 4.05425, 162.135
6.676, -0.0077585, 2.65179, 0.652686, 4.06293, 162.483
6.686, -0.00777518, 2.65719, 0.652619, 4.07162, 162.83
6.696, -0.00779188, 2.66258, 0.652551, 4.08031, 163.178
6.706, -0.00780857, 2.66798, 0.652484, 4.089, 163.525
6.716, -0.00782528, 2.67338, 0.652417, 4.0977, 163.873
6.726, -0.00784199, 2.67878, 0.65235, 4.10639, 164.221
6.736, -0.0078587, 2.68418, 0.652283, 4.1151, 164.569
6.746, -0.00787543, 2.68958, 0.652216, 4.1238, 164.917
6.756, -0.00789215, 2.69499, 0.65215, 4.13251, 165.265
6.766, -0.00790889, 2.70039, 0.652083, 4.14122, 165.614
6.776, -0.00792563, 2.70579, 0.652016, 4.14993, 165.962
6.786, -0.00794237, 2.7112, 0.651949, 4.15865, 166.311
6.796, -0.00795912, 2.71661, 0.651883, 4.16737, 166.66
6.806, -0.00797588, 2.72201, 0.651816, 4.17609, 167.009
6.816, -0.00799264, 2.72742, 0.65175, 4.18481, 167.358
6.826, -0.0080094, 2.73283, 0.651683, 4.19354, 167.707
6.836, -0.00802618, 2.73824, 0.651617, 4.20227, 168.056
6.846, -0.00804296, 2.74366, 0.65155, 4.21101, 168.405
6.856, -0.00805974, 2.74907, 0.651484, 4.21975, 168.755
6.866, -0.00807653, 2.75448, 0.651418, 4.22849, 169.104
6.876, -0.00809333, 2.7599, 0.651351, 4.23723, 169.454
6.886, -0.00811012, 2.76531, 0.651285, 4.24597, 169.804
6.896, -0.00812693, 2.77073, 0.651219, 4.25472, 170.154
6.906, -0.00814374, 2.77614, 0.651153, 4.26347, 170.504
6.916, -0.00816055, 2.78156, 0.651087, 4.27222, 170.854
6.926, -0.00817737, 2.78698, 0.651021, 4.28098, 171.204
6.936, -0.0081942, 2.7924, 0.650956, 4.28974, 171.554
6.946, -0.00821103, 2.79782, 0.65089, 4.2985, 171.905
6.956, -0.00822786, 2.80324, 0.650824, 4.30726, 172.255
6.966, -0.0082447, 2.80866, 0.650758, 4.31603, 172.606
6.976, -0.00826155, 2.81409, 0.650693, 4.3248, 172.957
6.986, -0.0082784, 2.81951, 0.650627, 4.33357, 173.308
6.996, -0.00829526, 2.82493, 0.650562, 4.34234, 173.659
7.006, -0.00831212, 2.83036, 0.650496, 4.35112, 174.01
7.016, -0.00832899, 2.83578, 0.650431, 4.3599, 174.361
7.026, -0.00834586, 2.84121, 0.650365, 4.36868, 174.712
7.036, -0.00836273, 2.84664, 0.6503, 4.37747, 175.064
7.046, -0.00837961, 2.85207, 0.650235, 4.38625, 175.415
7.056, -0.0083965, 2.8575, 0.65017, 4.39504, 175.767
7.066, -0.00841339, 2.86292, 0.650105, 4.40384, 176.118
7.076, -0.00843028, 2.86836, 0.650039, 4.41263, 176.47
7.086, -0.00844718, 2.87379, 0.649974, 4.42143, 176.822
7.096, -0.00846409, 2.87922, 0.649909, 4.43023, 177.174
7.106, -0.00848099, 2.88465, 0.649845, 4.43903, 177.526
7.116, -0.00849791, 2.89008, 0.64978, 4.44783, 177.878
7.126, -0.00851483, 2.89552, 0.649715, 4.45664, 178.23
7.136, -0.00853175, 2.90095, 0.64965, 4.46545, 178.583
7.146, -0.00854868, 2.90639, 0.649585, 4.47426, 178.935
7.156, -0.00856561, 2.91182, 0.649521, 4.48307, 179.288
7.166, -0.00858254, 2.91726, 0.649456, 4.49189, 179.64
7.176, -0.00859948, 2.92269, 0.649392, 4.50071, 179.993
7.186, -0.00861643, 2.92813, 0.649327, 4.50953, 180.346
7.196, -0.00863338, 2.93357, 0.649263, 4.51835, 180.699
7.206, -0.00865034, 2.93901, 0.649198, 4.52718, 181.052
7.216, -0.00866729, 2.94445, 0.649134, 4.53601, 181.405
7.226, -0.00868425, 2.94989, 0.64907, 4.54484, 181.758
7.236, -0.00870122, 2.95533, 0.649005, 4.55367, 182.111
7.246, -0.00871819, 2.96077, 0.648941, 4.5625, 182.465
7.256, -0.00873517, 2.96621, 0.648877, 4.57134, 182.818
7.266, -0.00875215, 2.97165, 0.648813, 4.58018, 183.172
7.276, -0.00876913, 2.97709, 0.648749, 4.58902, 183.525
7.286, -0.00878612, 2.98253, 0.648685, 4.59786, 183.879
7.296, -0.00880311, 2.98798, 0.648621, 4.60671, 184.233
7.306, -0.0088201, 2.99342, 0.648557, 4.61555, 184.587
7.316, -0.0088371, 2.99887, 0.648494, 4.6244, 184.941
7.326, -0.00885411, 3.00431, 0.64843, 4.63325, 185.295
7.336, -0.00887112, 3.00976, 0.648366, 4.64211, 185.649
7.346, -0.00888813, 3.0152, 0.648302, 4.65096, 186.003
7.356, -0.00890515, 3.02065, 0.648239, 4.65982, 186.357
7.366, -0.00892217, 3.02609, 0.648175, 4.66868, 186.712
7.376, -0.00893919, 3.03154, 0.648112, 4.67754, 187.066
7.386, -0.00895622, 3.03699, 0.648048, 4.68641, 187.421
7.396, -0.00897325, 3.04244, 0.647985, 4.69527, 187.775
7.406, -0.00899028, 3.04788, 0.647922, 4.70414, 188.13
7.416, -0.00900732, 3.05333, 0.647858, 4.71301, 188.485
7.426, -0.00902437, 3.05878, 0.647795, 4.72188, 188.84
7.436, -0.00904141, 3.06423, 0.647732, 4.73075, 189.195
7.446, -0.00905846, 3.06968, 0.647669, 4.73963, 189.55
7.456, -0.00907551, 3.07513, 0.647606, 4.74851, 189.905
7.466, -0.00909257, 3.08058, 0.647542, 4.75739, 190.26
7.476, -0.00910963, 3.08603, 0.64748, 4.76627, 190.615
7.486, -0.0091267, 3.09148, 0.647417, 4.77515, 190.97
7.496, -0.00914376, 3.09693, 0.647354, 4.78403, 191.326
7.506, -0.00916083, 3.10238, 0.647291, 4.79292, 191.681
7.516, -0.00917791, 3.10784, 0.647228, 4.80181, 192.037
7.526, -0.00919498, 3.11329, 0.647166, 4.8107, 192.392
7.536, -0.00921207, 3.11874, 0.647103, 4.81959, 192.748
7.546, -0.00922915, 3.12419, 0.64704, 4.82848, 193.104
7.556, -0.00924624, 3.12965, 0.646978, 4.83738, 193.46
7.566, -0.00926333, 3.1351, 0.646915, 4.84627, 193.815
7.576, -0.00928042, 3.14055, 0.646853, 4.85517, 194.171
7.586, -0.00929752, 3.14601, 0.64679, 4.86407, 194.527
7.596, -0.00931462, 3.15146, 0.646728, 4.87298, 194.883
7.606, -0.00933173, 3.15691, 0.646666, 4.88188, 195.24
7.616, -0.00934883, 3.16237, 0.646604, 4.89078, 195.596
7.626, -0.00936594, 3.16782, 0.646541, 4.89969, 195.952
7.636, -0.00938306, 3.17328, 0.646479, 4.9086, 196.308
7.646, -0.00940017, 3.17873, 0.646417, 4.91751, 196.665
7.656, -0.00941729, 3.18419, 0.646355, 4.92642, 197.021
7.666, -0.00943442, 3.18964, 0.646293, 4.93534, 197.378
7.676, -0.00945154, 3.1951, 0.646231, 4.94425, 197.734
7.686, -0.00946867, 3.20055, 0.646169, 4.95317, 198.091
7.696, -0.00948581, 3.20601, 0.646107, 4.96209, 198.448
7.706, -0.00950294, 3.21146, 0.646045, 4.97101, 198.805
7.716, -0.00952008, 3.21692, 0.645984, 4.97993, 199.161
7.726, -0.00953722, 3.22238, 0.645922, 4.98885, 199.518
7.736, -0.00955436, 3.22783, 0.64586, 4.99777, 199.875
7.746, -0.00957151, 3.23329, 0.645799, 5.0067, 200.232
7.756, -0.00958866, 3.23875, 0.645737, 5.01563, 200.589
7.766, -0.00960581, 3.2442, 0.645676, 5.02456, 200.947
7.776, -0.00962297, 3.24966, 0.645614, 5.03349, 201.304
7.786, -0.00964012, 3.25511, 0.645553, 5.04242, 201.661
7.796, -0.00965728, 3.26057, 0.645491, 5.05135, 202.018
7.806, -0.00967445, 3.26603, 0.64543, 5.06028, 202.376
7.816, -0.00969161, 3.27148, 0.645369, 5.06922, 202.733
7.826, -0.00970878, 3.27694, 0.645307, 5.07816, 203.091
7.836, -0.00972595, 3.2824, 0.645246, 5.08709, 203.448
7.846, -0.00974312, 3.28785, 0.645185, 5.09603, 203.806
7.856, -0.0097603, 3.29331, 0.645124, 5.10498, 204.163
7.866, -0.00977748, 3.29877, 0.645063, 5.11392, 204.521
7.876, -0.00979466, 3.30422, 0.645002, 5.12286, 204.879
7.886, -0.00981184, 3.30968, 0.644941, 5.13181, 205.237
7.896, -0.00982903, 3.31514, 0.64488, 5.14075, 205.594
7.906, -0.00984622, 3.32059, 0.644819, 5.1497, 205.952
7.916, -0.0098634, 3.32605, 0.644758, 5.15865, 206.31
7.926, -0.0098806, 3.33151, 0.644698, 5.1676, 206.668
7.936, -0.00989779, 3.33696, 0.644637, 5.17655, 207.026
7.946, -0.00991499, 3.34242, 0.644576, 5.1855, 207.384
7.956, -0.00993219, 3.34788, 0.644516, 5.19445, 207.742
7.966, -0.00994939, 3.35333, 0.644455, 5.20341, 208.101
7.976, -0.00996659, 3.35879, 0.644395, 5.21236, 208.459
7.986, -0.0099838, 3.36424, 0.644334, 5.22132, 208.817
7.996, -0.010001, 3.3697, 0.644274, 5.23028, 209.175
8.006, -0.0100182, 3.37516, 0.644214, 5.23924, 209.534
8.016, -0.0100354, 3.38061, 0.644153, 5.2482, 209.892
8.026, -0.0100526, 3.38607, 0.644093, 5.25716, 210.25
8.036, -0.0100699, 3.39152, 0.644033, 5.26612, 210.609
8.046, -0.0100871, 3.39698, 0.643973, 5.27508, 210.967
8.056, -0.0101043, 3.40243, 0.643913, 5.28405, 211.326
8.066, -0.0101215, 3.40789, 0.643852, 5.29301, 211.685
8.076, -0.0101387, 3.41334, 0.643792, 5.30198, 212.043
8.086, -0.010156, 3.4188, 0.643733, 5.31095, 212.402
8.096, -0.0101732, 3.42425, 0.643673, 5.31992, 212.761
8.106, -0.0101904, 3.42971, 0.643613, 5.32888, 213.12
8.116, -0.0102077, 3.43516, 0.643553, 5.33785, 213.478
8.126, -0.0102249, 3.44061, 0.643493, 5.34683, 213.837
8.136, -0.0102421, 3.44607, 0.643433, 5.3558, 214.196
8.146, -0.0102594, 3.45152, 0.643374, 5.36477, 214.555
8.156, -0.0102766, 3.45697, 0.643314, 5.37374, 214.914
8.166, -0.0102938, 3.46243, 0.643254, 5.38272, 215.273
8.176, -0.0103111, 3.46788, 0.643195, 5.3917, 215.632
8.186, -0.0103283, 3.47333, 0.643135, 5.40067, 215.991
8.196, -0.0103456, 3.47878, 0.643076, 5.40965, 216.35
8.206, -0.0103628, 3.48423, 0.643016, 5.41863, 216.709
8.216, -0.0103801, 3.48969, 0.642957, 5.42761, 217.068
8.226, -0.0103973, 3.49514, 0.642897, 5.43659, 217.428
8.236, -0.0104146, 3.50059, 0.642838, 5.44557, 217.787
8.246, -0.0104318, 3.50604, 0.642779, 5.45455, 218.146
8.256, -0.0104491, 3.51149, 0.64272, 5.46353, 218.505
8.266, -0.0104664, 3.51694, 0.642661, 5.47252, 218.865
8.276, -0.0104836, 3.52239, 0.642602, 5.4815, 219.224
8.286, -0.0105009, 3.52784, 0.642543, 5.49048, 219.583
8.296, -0.0105181, 3.53329, 0.642484, 5.49947, 219.943
8.306, -0.0105354, 3.53874, 0.642425, 5.50846, 220.302
8.316, -0.0105527, 3.54418, 0.642366, 5.51744, 220.662
8.326, -0.0105699, 3.54963, 0.642307, 5.52643, 221.021
8.336, -0.0105872, 3.55508, 0.642248, 5.53542, 221.381
8.346, -0.0106045, 3.56053, 0.642189, 5.54441, 221.74
8.356, -0.0106217, 3.56597, 0.642131, 5.5534, 222.1
8.366, -0.010639, 3.57142, 0.642072, 5.56239, 222.459
8.376, -0.0106563, 3.57686, 0.642013, 5.57138, 222.819
8.386, -0.0106735, 3.58231, 0.641955, 5.58037, 223.179
8.396, -0.0106908, 3.58776, 0.641896, 5.58936, 223.538
8.406, -0.0107081, 3.5932, 0.641838, 5.59835, 223.898
8.416, -0.0107254, 3.59864, 0.641779, 5.60734, 224.258
8.426, -0.0107426, 3.60409, 0.641721, 5.61634, 224.618
8.436, -0.0107599, 3.60953, 0.641662, 5.62533, 224.977
8.446, -0.0107772, 3.61497, 0.641604, 5.63433, 225.337
8.456, -0.0107945, 3.62042, 0.641546, 5.64332, 225.697
8.466, -0.0108117, 3.62586, 0.641488, 5.65232, 226.057
8.476, -0.010829, 3.6313, 0.641429, 5.66131, 226.417
8.486, -0.0108463, 3.63674, 0.641371, 5.67031, 226.776
8.496, -0.0108636, 3.64218, 0.641313, 5.67931, 227.136
8.506, -0.0108809, 3.64762, 0.641255, 5.6883, 227.496
8.516, -0.0108982, 3.65306, 0.641197, 5.6973, 227.856
8.526, -0.0109154, 3.6585, 0.641139, 5.7063, 228.216
8.536, -0.0109327, 3.66394, 0.641081, 5.7153, 228.576
8.546, -0.01095, 3.66938, 0.641023, 5.7243, 228.936
8.556, -0.0109673, 3.67481, 0.640966, 5.7333, 229.296
8.566, -0.0109846, 3.68025, 0.640908, 5.7423, 229.656
8.576, -0.0110019, 3.68569, 0.64085, 5.7513, 230.016
8.586, -0.0110192, 3.69112, 0.640792, 5.7603, 230.376
8.596, -0.0110365, 3.69656, 0.640735, 5.7693, 230.736
8.606, -0.0110538, 3.70199, 0.640677, 5.7783, 231.096
8.616, -0.0110711, 3.70743, 0.64062, 5.7873, 231.456
8.626, -0.0110883, 3.71286, 0.640562, 5.79631, 231.816
8.636, -0.0111056, 3.71829, 0.640505, 5.80531, 232.176
8.646, -0.0111229, 3.72372, 0.640447, 5.81431, 232.536
8.656, -0.0111402, 3.72916, 0.64039, 5.82331, 232.897
8.666, -0.0111575, 3.73459, 0.640332, 5.83232, 233.257
8.676, -0.0111748, 3.74002, 0.640275, 5.84132, 233.617
8.686, -0.0111921, 3.74545, 0.640218, 5.85032, 233.977
8.696, -0.0112094, 3.75088, 0.640161, 5.85933, 234.337
8.706, -0.0112267, 3.75631, 0.640104, 5.86833, 234.697
8.716, -0.011244, 3.76173, 0.640046, 5.87733, 235.057
8.726, -0.0112613, 3.76716, 0.639989, 5.88634, 235.418
8.736, -0.0112786, 3.77259, 0.639932, 5.89534, 235.778
8.746, -0.0112959, 3.77801, 0.639875, 5.90435, 236.138
8.756, -0.0113132, 3.78344, 0.639818, 5.91335, 236.498
8.766, -0.0113305, 3.78886, 0.639762, 5.92236, 236.858
8.776, -0.0113478, 3.79429, 0.639705, 5.93136, 237.218
8.786, -0.0113651, 3.79971, 0.639648, 5.94037, 237.579
8.796, -0.0113824, 3.80513, 0.639591, 5.94937, 237.939
8.806, -0.0113997, 3.81055, 0.639534, 5.95838, 238.299
8.816, -0.011417, 3.81598, 0.639478, 5.96738, 238.659
8.826, -0.0114343, 3.8214, 0.639421, 5.97639, 239.02
8.836, -0.0114516, 3.82682, 0.639365, 5.98539, 239.38
8.846, -0.0114689, 3.83223, 0.639308, 5.9944, 239.74
8.856, -0.0114862, 3.83765, 0.639252, 6.0034, 240.1
8.866, -0.0115035, 3.84307, 0.639195, 6.01241, 240.46
8.876, -0.0115208, 3.84849, 0.639139, 6.02142, 240.821
8.886, -0.0115381, 3.8539, 0.639082, 6.03042, 241.181
8.896, -0.0115554, 3.85932, 0.639026, 6.03943, 241.541
8.906, -0.0115727, 3.86473, 0.63897, 6.04843, 241.901
8.916, -0.01159, 3.87014, 0.638913, 6.05744, 242.262
8.926, -0.0116073, 3.87556, 0.638857, 6.06645, 242.622
8.936, -0.0116246, 3.88097, 0.638801, 6.07545, 242.982
8.946, -0.0116419, 3.88638, 0.638745, 6.08446, 243.342
8.956, -0.0116592, 3.89179, 0.638689, 6.09346, 243.702
8.966, -0.0116765, 3.8972, 0.638633, 6.10247, 244.063
8.976, -0.0116938, 3.90261, 0.638577, 6.11147, 244.423
8.986, -0.0117111, 3.90802, 0.638521, 6.12048, 244.783
8.996, -0.0117284, 3.91342, 0.638465, 6.12948, 245.143
9.006, -0.0117457, 3.91883, 0.638409, 6.13849, 245.503
9.016, -0.011763, 3.92424, 0.638353, 6.14749, 245.864
9.026, -0.0117803, 3.92964, 0.638298, 6.15649, 246.224
9.036, -0.0117976, 3.93504, 0.638242, 6.1655, 246.584
9.046, -0.0118149, 3.94045, 0.638186, 6.1745, 246.944
9.056, -0.0118322, 3.94585, 0.63813, 6.18351, 247.304
9.066, -0.0118495, 3.95125, 0.638075, 6.19251, 247.664
9.076, -0.0118667, 3.95665, 0.638019, 6.20151, 248.024
9.086, -0.011884, 3.96205, 0.637964, 6.21052, 248.385
9.096, -0.0119013, 3.96745, 0.637908, 6.21952, 248.745
9.106, -0.0119186, 3.97285, 0.637853, 6.22852, 249.105
9.116, -0.0119359, 3.97824, 0.637797, 6.23752, 249.465
9.126, -0.0119532, 3.98364, 0.637742, 6.24653, 249.825
9.136, -0.0119705, 3.98903, 0.637687, 6.25553, 250.185
9.146, -0.0119878, 3.99443, 0.637632, 6.26453, 250.545
9.156, -0.0120051, 3.99982, 0.637576, 6.27353, 250.905
9.166, -0.0120224, 4.00521, 0.637521, 6.28253, 251.265
9.176, -0.0120397, 4.0106, 0.637466, 6.29153, 251.625
9.186, -0.012057, 4.01599, 0.637411, 6.30053, 251.985
9.196, -0.0120742, 4.02138, 0.637356, 6.30953, 252.345
9.206, -0.0120915, 4.02677, 0.637301, 6.31853, 252.705
9.216, -0.0121088, 4.03216, 0.637246, 6.32753, 253.065
9.226, -0.0121261, 4.03754, 0.637191, 6.33653, 253.425
9.236, -0.0121434, 4.04293, 0.637136, 6.34552, 253.785
9.246, -0.0121607, 4.04831, 0.637081, 6.35452, 254.145
9.256, -0.012178, 4.05369, 0.637026, 6.36352, 254.505
9.266, -0.0121952, 4.05908, 0.636972, 6.37252, 254.865
9.276, -0.0122125, 4.06446, 0.636917, 6.38151, 255.225
9.286, -0.0122298, 4.06984, 0.636862, 6.39051, 255.584
9.296, -0.0122471, 4.07522, 0.636808, 6.3995, 255.944
9.306, -0.0122644, 4.0806, 0.636753, 6.4085, 256.304
9.316, -0.0122816, 4.08597, 0.636698, 6.41749, 256.664
9.326, -0.0122989, 4.09135, 0.636644, 6.42649, 257.024
9.336, -0.0123162, 4.09672, 0.636589, 6.43548, 257.383
9.346, -0.0123335, 4.1021, 0.636535, 6.44447, 257.743
9.356, -0.0123507, 4.10747, 0.636481, 6.45347, 258.103
9.366, -0.012368, 4.11284, 0.636426, 6.46246, 258.462
9.376, -0.0123853, 4.11821, 0.636372, 6.47145, 258.822
9.386, -0.0124026, 4.12358, 0.636318, 6.48044, 259.182
9.396, -0.0124198, 4.12895, 0.636263, 6.48943, 259.541
9.406, -0.0124371, 4.13432, 0.636209, 6.49842, 259.901
9.416, -0.0124544, 4.13969, 0.636155, 6.50741, 260.26
9.426, -0.0124716, 4.14505, 0.636101, 6.5164, 260.62
9.436, -0.0124889, 4.15042, 0.636047, 6.52538, 260.979
9.446, -0.0125062, 4.15578, 0.635993, 6.53437, 261.339
9.456, -0.0125234, 4.16114, 0.635939, 6.54336, 261.698
9.466, -0.0125407, 4.1665, 0.635885, 6.55234, 262.058
9.476, -0.0125579, 4.17186, 0.635831, 6.56133, 262.417
9.486, -0.0125752, 4.17722, 0.635777, 6.57031, 262.777
9.496, -0.0125925, 4.18258, 0.635723, 6.5793, 263.136
9.506, -0.0126097, 4.18793, 0.63567, 6.58828, 263.495
9.516, -0.012627, 4.19329, 0.635616, 6.59726, 263.855
9.526, -0.0126442, 4.19864, 0.635562, 6.60624, 264.214
9.536, -0.0126615, 4.204, 0.635509, 6.61522, 264.573
9.546, -0.0126787, 4.20935, 0.635455, 6.6242, 264.932
9.556, -0.012696, 4.2147, 0.635401, 6.63318, 265.291
9.566, -0.0127132, 4.22005, 0.635348, 6.64216, 265.651
9.576, -0.0127305, 4.2254, 0.635294, 6.65114, 266.01
9.586, -0.0127477, 4.23074, 0.635241, 6.66012, 266.369
9.596, -0.012765, 4.23609, 0.635187, 6.66909, 266.728
9.606, -0.0127822, 4.24143, 0.635134, 6.67807, 267.087
9.616, -0.0127994, 4.24678, 0.635081, 6.68704, 267.446
9.626, -0.0128167, 4.25212, 0.635027, 6.69602, 267.805
9.636, -0.0128339, 4.25746, 0.634974, 6.70499, 268.164
9.646, -0.0128512, 4.2628, 0.634921, 6.71396, 268.523
9.656, -0.0128684, 4.26814, 0.634868, 6.72293, 268.881
9.666, -0.0128856, 4.27348, 0.634815, 6.7319, 269.24
9.676, -0.0129028, 4.27881, 0.634762, 6.74087, 269.599
9.686, -0.0129201, 4.28415, 0.634709, 6.74984, 269.958
9.696, -0.0129373, 4.28948, 0.634656, 6.75881, 270.317
9.706, -0.0129545, 4.29481, 0.634603, 6.76778, 270.675
9.716, -0.0129718, 4.30014, 0.63455, 6.77674, 271.034
9.726, -0.012989, 4.30547, 0.634497, 6.78571, 271.392
9.736, -0.0130062, 4.3108, 0.634444, 6.79467, 271.751
9.746, -0.0130234, 4.31613, 0.634391, 6.80363, 272.11
9.756, -0.0130406, 4.32146, 0.634338, 6.8126, 272.468
9.766, -0.0130578, 4.32678, 0.634286, 6.82156, 272.826
9.776, -0.0130751, 4.3321, 0.634233, 6.83052, 273.185
9.786, -0.0130923, 4.33743, 0.63418, 6.83948, 273.543
9.796, -0.0131095, 4.34275, 0.634128, 6.84844, 273.902
9.806, -0.0131267, 4.34807, 0.634075, 6.85739, 274.26
9.816, -0.0131439, 4.35338, 0.634023, 6.86635, 274.618
9.826, -0.0131611, 4.3587, 0.63397, 6.8753, 274.976
9.836, -0.0131783, 4.36402, 0.633918, 6.88426, 275.335
9.846, -0.0131955, 4.36933, 0.633865, 6.89321, 275.693
9.856, -0.0132127, 4.37464, 0.633813, 6.90216, 276.051
9.866, -0.0132299, 4.37995, 0.633761, 6.91111, 276.409
9.876, -0.0132471, 4.38527, 0.633708, 6.92006, 276.767
9.886, -0.0132643, 4.39057, 0.633656, 6.92901, 277.125
9.896, -0.0132814, 4.39588, 0.633604, 6.93796, 277.483
9.906, -0.0132986, 4.40119, 0.633552, 6.94691, 277.841
9.916, -0.0133158, 4.40649, 0.633499, 6.95585, 278.198
9.926, -0.013333, 4.4118, 0.633447, 6.9648, 278.556
9.936, -0.0133502, 4.4171, 0.633395, 6.97374, 278.914
9.946, -0.0133674, 4.4224, 0.633343, 6.98268, 279.272
9.956, -0.0133845, 4.4277, 0.633291, 6.99162, 279.629
9.966, -0.0134017, 4.433, 0.633239, 7.00056, 279.987
9.976, -0.0134189, 4.43829, 0.633187, 7.0095, 280.344
9.986, -0.013436, 4.44359, 0.633136, 7.01844, 280.702
9.996, -0.0134532, 4.44888, 0.633084, 7.02738, 281.059
